日目,種類,本文,文字数（X換算）
1,告知,"個別支援計画、白紙から書いていませんか？
課題を選ぶと、こども家庭庁の参考様式と同じ項目で下書きができる無料ツールを作りました。5領域の関連性も入ります。登録不要・入力内容は送信されません。
https://example.com/
#放デイ #児発管 #個別支援計画",242
2,文例,"【個別支援計画の文例】着替え・身支度に時間がかかる

支援目標の例：
手順表を見ながら、上着の着脱と荷物の片付けを、声かけ2回以内で行うことができる。

支援内容（5領域つき）・モニタリングの文例はこちら
https://example.com/bunrei/mijitaku.html
#放デイ #児発管 #個別支援計画",251
3,モニタリング,"【モニタリングの文例】着替え・身支度に時間がかかる

達成：手順表を見ながら、声かけ1〜2回で身支度を終えられる日が増えた。今後は手順表なしでの取り組みに移行する。

https://example.com/bunrei/mijitaku.html
#放デイ #児発管",201
4,文例,"【個別支援計画の文例】偏食がある・食事に課題がある

支援目標の例：
苦手な食材が皿に載っていても、落ち着いておやつの時間を過ごすことができる。

支援内容（5領域つき）・モニタリングの文例はこちら
https://example.com/bunrei/hensyoku.html
#放デイ #児発管 #個別支援計画",246
5,モニタリング,"【モニタリングの文例】偏食がある・食事に課題がある

達成：苦手な食材が皿にあっても落ち着いて過ごせるようになった。調理活動では、新しい食材に触れることもできた。

https://example.com/bunrei/hensyoku.html
#放デイ #児発管",201
6,文例,"【個別支援計画の文例】トイレ（排泄）の自立が十分でない

支援目標の例：
活動の区切りで声をかけられると、トイレに行って便座に座ることができる。

支援内容（5領域つき）・モニタリングの文例はこちら
https://example.com/bunrei/haisetsu.html
#放デイ #児発管 #個別支援計画",246
7,モニタリング,"【モニタリングの文例】トイレ（排泄）の自立が十分でない

達成：声かけでトイレに行き、便座に座ることが習慣になった。今後は自分から伝えることを目標にする。

https://example.com/bunrei/haisetsu.html
#放デイ #児発管",193
8,文例,"【個別支援計画の文例】生活リズム・睡眠が乱れやすい

支援目標の例：
来所時に、前日の睡眠や体調を職員と一緒に振り返ることができる。

支援内容（5領域つき）・モニタリングの文例はこちら
https://example.com/bunrei/seikatsu-rhythm.html
#放デイ #児発管 #個別支援計画",234
9,告知,"個別支援計画書とモニタリング記録のExcel様式を無料で配布しています。令和6年度改定の参考様式と同じ項目です。
https://example.com/download.html
#放デイ #児発管 #個別支援計画",160
10,モニタリング,"【モニタリングの文例】生活リズム・睡眠が乱れやすい

達成：来所時に前日の睡眠を自分から話せるようになった。家庭でも寝る前の流れ表を使っている。

https://example.com/bunrei/seikatsu-rhythm.html
#放デイ #児発管",183
11,文例,"【個別支援計画の文例】持ち物の管理・片付けが苦手

支援目標の例：
使った物を決められた場所に戻すことを、声かけ1回で行うことができる。

支援内容（5領域つき）・モニタリングの文例はこちら
https://example.com/bunrei/mochimono.html
#放デイ #児発管 #個別支援計画",237
12,モニタリング,"【モニタリングの文例】持ち物の管理・片付けが苦手

達成：チェック表を使い、帰りの準備を自分で確認できるようになった。家庭での学校の準備にも広げていく。

https://example.com/bunrei/mochimono.html
#放デイ #児発管",191
13,文例,"【個別支援計画の文例】手洗い・歯みがきなどの衛生習慣

支援目標の例：
手順表を見ながら、石けんを使って自分で手を洗うことができる。

支援内容（5領域つき）・モニタリングの文例はこちら
https://example.com/bunrei/eisei.html
#放デイ #児発管 #個別支援計画",234
14,モニタリング,"【モニタリングの文例】手洗い・歯みがきなどの衛生習慣

達成：手順表を見ながら、石けんを使って手を洗えるようになった。今後は声かけなしで手洗いに向かうことを目標にする。

https://example.com/bunrei/eisei.html
#放デイ #児発管",207
15,文例,"【個別支援計画の文例】ゲーム・動画の時間を守れない

支援目標の例：
タイマーの予告を受けて、区切りのよいところでゲームを終えることができる。

支援内容（5領域つき）・モニタリングの文例はこちら
https://example.com/bunrei/game.html
#放デイ #児発管 #個別支援計画",244
16,モニタリング,"【モニタリングの文例】ゲーム・動画の時間を守れない

達成：予告があれば、区切りのよいところで自分から終えられるようになった。家庭でも同じ方法を試している。

https://example.com/bunrei/game.html
#放デイ #児発管",195
17,告知,"Excelで課題を選ぶだけで、支援目標・支援内容（5領域つき）・家族支援の文例が入る計画書を作りました。モニタリング記録・記入例・文例全集PDFつき。
https://example.com/template.html
#放デイ #児発管 #個別支援計画",195
18,文例,"【個別支援計画の文例】感覚過敏（音・触覚など）がある

支援目標の例：
つらい音や刺激があるときに、イヤーマフを使う・休憩スペースへ移るなどの方法を自分で選ぶことができる。

支援内容（5領域つき）・モニタリングの文例はこちら
https://example.com/bunrei/kankaku-kabin.html
#放デイ #児発管 #個別支援計画",274
19,モニタリング,"【モニタリングの文例】感覚過敏（音・触覚など）がある

達成：つらいときに自分からイヤーマフを取りに行けるようになった。学校でも使えるよう、保護者と在籍校に伝えている。

https://example.com/bunrei/kankaku-kabin.html
#放デイ #児発管",207
20,文例,"【個別支援計画の文例】手先が不器用（はさみ・鉛筆・ボタン）

支援目標の例：
はさみを使って、直線を線に沿って最後まで切ることができる。

支援内容（5領域つき）・モニタリングの文例はこちら
https://example.com/bunrei/bukiyou.html
#放デイ #児発管 #個別支援計画",238
21,モニタリング,"【モニタリングの文例】手先が不器用（はさみ・鉛筆・ボタン）

達成：バネ付きはさみで直線を最後まで切れるようになった。今後は曲線に挑戦する。

https://example.com/bunrei/bukiyou.html
#放デイ #児発管",179
22,文例,"【個別支援計画の文例】姿勢が崩れやすい・体幹が弱い

支援目標の例：
机に向かう活動で、10分間姿勢を保って座ることができる。

支援内容（5領域つき）・モニタリングの文例はこちら
https://example.com/bunrei/shisei.html
#放デイ #児発管 #個別支援計画",226
23,モニタリング,"【モニタリングの文例】姿勢が崩れやすい・体幹が弱い

達成：足台を使うことで、10分程度姿勢を保って取り組めるようになった。在籍校にも工夫を伝える。

https://example.com/bunrei/shisei.html
#放デイ #児発管",185
24,文例,"【個別支援計画の文例】体の動かし方がぎこちない（ボール・縄跳び等）

支援目標の例：
大きめのボールを、職員と2mほどの距離で投げたり受け取ったりすることができる。

支援内容（5領域つき）・モニタリングの文例はこちら
https://example.com/bunrei/undou.html
#放デイ #児発管 #個別支援計画",264
25,告知,"運営指導の前に、個別支援計画まわりの書類を21項目で確認できるチェックリストです。
https://example.com/checklist.html
#放デイ #児発管 #個別支援計画",134
26,モニタリング,"【モニタリングの文例】体の動かし方がぎこちない（ボール・縄跳び等）

達成：大きめのボールなら、投げる・受けるのやりとりが続くようになった。今後はボールを小さくしていく。

https://example.com/bunrei/undou.html
#放デイ #児発管",209
27,文例,"【個別支援計画の文例】動き回る・じっとしているのが難しい

支援目標の例：
座る活動の前に体を動かす時間を持ち、その後5分間座って活動に参加することができる。

支援内容（5領域つき）・モニタリングの文例はこちら
https://example.com/bunrei/kankaku-tankyu.html
#放デイ #児発管 #個別支援計画",259
28,モニタリング,"【モニタリングの文例】動き回る・じっとしているのが難しい

達成：活動前にトランポリンを使うことで、5分程度座って参加できるようになった。時間を少しずつ延ばしていく。

https://example.com/bunrei/kankaku-tankyu.html
#放デイ #児発管",204
29,文例,"【個別支援計画の文例】活動の切り替えが苦手

支援目標の例：
終わりの時間を前もって知らされると、声かけ2回以内で次の活動に移ることができる。

支援内容（5領域つき）・モニタリングの文例はこちら
https://example.com/bunrei/kirikae.html
#放デイ #児発管 #個別支援計画",243
30,モニタリング,"【モニタリングの文例】活動の切り替えが苦手

達成：タイマーの予告があれば、声かけ1〜2回で次の活動に移れるようになった。今後は予告の回数を減らしていく。

https://example.com/bunrei/kirikae.html
#放デイ #児発管",191
31,文例,"【個別支援計画の文例】見通しが持てないと不安になる

支援目標の例：
来所時にその日の予定を職員と一緒に確認し、落ち着いて活動を始めることができる。

支援内容（5領域つき）・モニタリングの文例はこちら
https://example.com/bunrei/mitooshi.html
#放デイ #児発管 #個別支援計画",250
32,モニタリング,"【モニタリングの文例】見通しが持てないと不安になる

達成：来所時に予定を確認することで、落ち着いて活動を始められるようになった。変更カードにも慣れてきている。

https://example.com/bunrei/mitooshi.html
#放デイ #児発管",199
33,告知,"個別支援計画、白紙から書いていませんか？
課題を選ぶと、こども家庭庁の参考様式と同じ項目で下書きができる無料ツールを作りました。5領域の関連性も入ります。登録不要・入力内容は送信されません。
https://example.com/
#放デイ #児発管 #個別支援計画",242
34,文例,"【個別支援計画の文例】集中が続きにくい

支援目標の例：
取り組む時間を区切ると、10分間集中して課題に取り組むことができる。

支援内容（5領域つき）・モニタリングの文例はこちら
https://example.com/bunrei/shuchu.html
#放デイ #児発管 #個別支援計画",226
35,モニタリング,"【モニタリングの文例】集中が続きにくい

達成：時間を区切ることで、10分程度集中して取り組めるようになった。今後は15分を目標にする。

https://example.com/bunrei/shuchu.html
#放デイ #児発管",171
36,文例,"【個別支援計画の文例】かんしゃく・気持ちのコントロールが難しい

イライラしたときに、深呼吸や休憩スペースへの移動など、決めておいた方法を職員と一緒に使うことができる。

支援内容・モニタリングの文例
https://example.com/bunrei/kanjou.html
#放デイ #児発管 #個別支援計画",250
37,モニタリング,"【モニタリングの文例】かんしゃく・気持ちのコントロールが難しい

達成：気持ちの温度計を使い、イライラを言葉で伝えられる場面が増えた。自分から休憩スペースに向かうこともある。

https://example.com/bunrei/kanjou.html
#放デイ #児発管",213
38,文例,"【個別支援計画の文例】こだわりが強い（順番・配置・同じやり方）

支援目標の例：
いつもと違うやり方を前もって伝えられると、職員と一緒に試してみることができる。

支援内容（5領域つき）・モニタリングの文例はこちら
https://example.com/bunrei/kodawari.html
#放デイ #児発管 #個別支援計画",262
39,モニタリング,"【モニタリングの文例】こだわりが強い（順番・配置・同じやり方）

達成：前もって伝えることで、いつもと違う順番でも活動に参加できる場面が増えた。

https://example.com/bunrei/kodawari.html
#放デイ #児発管",183
40,文例,"【個別支援計画の文例】数・時間・お金の理解が難しい

支援目標の例：
時計やタイマーを見て、活動が終わる時間が分かることができる。

支援内容（5領域つき）・モニタリングの文例はこちら
https://example.com/bunrei/gainen.html
#放デイ #児発管 #個別支援計画",232
41,告知,"個別支援計画書とモニタリング記録のExcel様式を無料で配布しています。令和6年度改定の参考様式と同じ項目です。
https://example.com/download.html
#放デイ #児発管 #個別支援計画",160
42,モニタリング,"【モニタリングの文例】数・時間・お金の理解が難しい

達成：タイマーを見て、残り時間を意識して動けるようになった。今後は時計の読み方に取り組む。

https://example.com/bunrei/gainen.html
#放デイ #児発管",183
43,文例,"【個別支援計画の文例】宿題・学習への取り組みが難しい

支援目標の例：
来所後の決まった時間に、宿題に取りかかることができる。

支援内容（5領域つき）・モニタリングの文例はこちら
https://example.com/bunrei/gakushu.html
#放デイ #児発管 #個別支援計画",228
44,モニタリング,"【モニタリングの文例】宿題・学習への取り組みが難しい

達成：来所後の流れが定着し、自分から宿題に取りかかれるようになった。

https://example.com/bunrei/gakushu.html
#放デイ #児発管",163
45,文例,"【個別支援計画の文例】要求や困りごとを言葉で伝えにくい

支援目標の例：
おやつや遊びを選ぶ場面で、言葉・絵カード・指さしのいずれかで要求を伝えることができる。

支援内容（5領域つき）・モニタリングの文例はこちら
https://example.com/bunrei/youkyuu.html
#放デイ #児発管 #個別支援計画",262
46,モニタリング,"【モニタリングの文例】要求や困りごとを言葉で伝えにくい

達成：絵カードを使って、おやつや遊びを自分で選んで伝えられるようになった。今後はカードの数を増やす。

https://example.com/bunrei/youkyuu.html
#放デイ #児発管",197
47,文例,"【個別支援計画の文例】会話が一方的になりやすい

支援目標の例：
職員や友だちとの会話で、相手の質問に答えてから自分の話をすることができる。

支援内容（5領域つき）・モニタリングの文例はこちら
https://example.com/bunrei/ippouteki.html
#放デイ #児発管 #個別支援計画",242
48,モニタリング,"【モニタリングの文例】会話が一方的になりやすい

達成：トークアイテムがあると、相手の話を待ってから話せるようになった。今後はアイテムなしでの会話に広げる。

https://example.com/bunrei/ippouteki.html
#放デイ #児発管",195
49,告知,"Excelで課題を選ぶだけで、支援目標・支援内容（5領域つき）・家族支援の文例が入る計画書を作りました。モニタリング記録・記入例・文例全集PDFつき。
https://example.com/template.html
#放デイ #児発管 #個別支援計画",195
50,文例,"【個別支援計画の文例】指示の理解が難しい（聞き取り）

支援目標の例：
短い言葉と絵や実物で示された指示を理解して、1つの行動をすることができる。

支援内容（5領域つき）・モニタリングの文例はこちら
https://example.com/bunrei/shiji-rikai.html
#放デイ #児発管 #個別支援計画",247
51,モニタリング,"【モニタリングの文例】指示の理解が難しい（聞き取り）

達成：絵と短い言葉を合わせると、1つの指示に沿って動けるようになった。今後は2つ続けた指示に取り組む。

https://example.com/bunrei/shiji-rikai.html
#放デイ #児発管",195
52,文例,"【個別支援計画の文例】語彙が少なく表現が限られる

支援目標の例：
絵本や写真を見ながら、物の名前や動作の言葉を職員と一緒に言うことができる。

支援内容（5領域つき）・モニタリングの文例はこちら
https://example.com/bunrei/goi.html
#放デイ #児発管 #個別支援計画",244
53,モニタリング,"【モニタリングの文例】語彙が少なく表現が限られる

達成：写真を見ながら、活動の内容を2語文で話せるようになった。

https://example.com/bunrei/goi.html
#放デイ #児発管",152
54,文例,"【個別支援計画の文例】気持ちを言葉で表現しにくい

支援目標の例：
気持ちカードを使って、その時の自分の気持ちを選んで伝えることができる。

支援内容（5領域つき）・モニタリングの文例はこちら
https://example.com/bunrei/kimochi-hyougen.html
#放デイ #児発管 #個別支援計画",240
55,モニタリング,"【モニタリングの文例】気持ちを言葉で表現しにくい

達成：来所時に気持ちカードを使って、その日の気持ちを伝えられるようになった。

https://example.com/bunrei/kimochi-hyougen.html
#放デイ #児発管",167
56,文例,"【個別支援計画の文例】順番を待つ・ルールを守るのが難しい

支援目標の例：
順番が目で見て分かる形で示されると、ゲームの中で自分の番まで待つことができる。

支援内容（5領域つき）・モニタリングの文例はこちら
https://example.com/bunrei/junban.html
#放デイ #児発管 #個別支援計画",256
57,告知,"運営指導の前に、個別支援計画まわりの書類を21項目で確認できるチェックリストです。
https://example.com/checklist.html
#放デイ #児発管 #個別支援計画",134
58,モニタリング,"【モニタリングの文例】順番を待つ・ルールを守るのが難しい

達成：順番表があれば、自分の番まで待てるようになった。今後は順番表なしで取り組む。

https://example.com/bunrei/junban.html
#放デイ #児発管",181
59,文例,"【個別支援計画の文例】友だちとの関わりが少ない

支援目標の例：
職員の仲立ちのもとで、友だちと同じ遊びを10分間楽しむことができる。

支援内容（5領域つき）・モニタリングの文例はこちら
https://example.com/bunrei/tomodachi.html
#放デイ #児発管 #個別支援計画",234
60,モニタリング,"【モニタリングの文例】友だちとの関わりが少ない

達成：好きなブロック遊びを通して、特定の友だちと一緒に遊ぶ場面が増えた。

https://example.com/bunrei/tomodachi.html
#放デイ #児発管",161
61,文例,"【個別支援計画の文例】勝ち負けを受け入れにくい

支援目標の例：
ゲームで負けたときに、職員と一緒に気持ちを落ち着け、次のゲームに参加することができる。

支援内容（5領域つき）・モニタリングの文例はこちら
https://example.com/bunrei/kachimake.html
#放デイ #児発管 #個別支援計画",254
62,モニタリング,"【モニタリングの文例】勝ち負けを受け入れにくい

達成：運で決まるゲームなら、負けても最後まで参加できるようになった。

https://example.com/bunrei/kachimake.html
#放デイ #児発管",157
63,文例,"【個別支援計画の文例】友だちとのトラブルになりやすい

支援目標の例：
トラブルの後に、職員と一緒に何があったかを振り返り、どうすればよかったかを考えることができる。

支援内容（5領域つき）・モニタリングの文例はこちら
https://example.com/bunrei/trouble.html
#放デイ #児発管 #個別支援計画",268
64,モニタリング,"【モニタリングの文例】友だちとのトラブルになりやすい

達成：嫌なことがあったときに、職員に伝えに来られる場面が増えた。

https://example.com/bunrei/trouble.html
#放デイ #児発管",159
65,告知,"個別支援計画、白紙から書いていませんか？
課題を選ぶと、こども家庭庁の参考様式と同じ項目で下書きができる無料ツールを作りました。5領域の関連性も入ります。登録不要・入力内容は送信されません。
https://example.com/
#放デイ #児発管 #個別支援計画",242
66,文例,"【個別支援計画の文例】集団活動への参加が難しい

支援目標の例：
集団活動の場に、見学を含めて自分で決めた形で参加することができる。

支援内容（5領域つき）・モニタリングの文例はこちら
https://example.com/bunrei/shudan.html
#放デイ #児発管 #個別支援計画",234
67,モニタリング,"【モニタリングの文例】集団活動への参加が難しい

達成：役割があると、集団活動に最初から最後まで参加できるようになった。

https://example.com/bunrei/shudan.html
#放デイ #児発管",159
68,文例,"【個別支援計画の文例】自信がない・失敗を強く嫌がる

支援目標の例：
職員と一緒なら、初めての活動に1つ挑戦することができる。

支援内容（5領域つき）・モニタリングの文例はこちら
https://example.com/bunrei/jishin.html
#放デイ #児発管 #個別支援計画",227
69,モニタリング,"【モニタリングの文例】自信がない・失敗を強く嫌がる

達成：職員と一緒であれば、初めての活動にも取り組めるようになった。得意な工作では友だちに教える場面もある。

https://example.com/bunrei/jishin.html
#放デイ #児発管",199
70,文例,"【個別支援計画の文例】登校しぶり・学校への不安がある

支援目標の例：
事業所で、自分の好きな活動を通して安心して過ごすことができる。

支援内容（5領域つき）・モニタリングの文例はこちら
https://example.com/bunrei/toukou.html
#放デイ #児発管 #個別支援計画",236
71,モニタリング,"【モニタリングの文例】登校しぶり・学校への不安がある

達成：事業所では表情が明るく、好きな活動に取り組めている。話しやすい職員に学校のことを話す場面も見られた。

https://example.com/bunrei/toukou.html
#放デイ #児発管",201